adl_nonmissing_waves	n_ids	pct_of_main
1	0	0.0
2	0	0.0
3	1300	0.2358490566037736
4	4212	0.7641509433962265
